gpu,N,D,block_m,block_n,naive_ms,sdpa_ms,triton_ms,triton_vs_naive,triton_vs_sdpa
NVIDIA GeForce RTX 4070 Laptop GPU,256,64,16,16,0.07724031925201416,0.045552639961242675,0.07701600074768067,1.0029126220805518,0.5914698182067638
NVIDIA GeForce RTX 4070 Laptop GPU,512,64,16,16,0.0775870418548584,0.08763392448425293,0.04184063911437988,1.8543464798125686,2.094469069764633
NVIDIA GeForce RTX 4070 Laptop GPU,1024,64,16,16,0.08123279571533203,0.13705583572387695,0.13743616104125977,0.5910583873988235,0.9972327128864676
NVIDIA GeForce RTX 4070 Laptop GPU,256,64,16,32,0.0816857624053955,0.036224000453948975,0.08238080024719238,0.991563108883243,0.4397141123326673
NVIDIA GeForce RTX 4070 Laptop GPU,512,64,16,32,0.10152959823608398,0.06945280075073242,0.03873280048370362,2.621282142477702,1.793126236249142
NVIDIA GeForce RTX 4070 Laptop GPU,1024,64,16,32,0.07630335807800293,0.13699536323547362,0.12892671585083007,0.5918351179152576,1.0625832073003325
NVIDIA GeForce RTX 4070 Laptop GPU,256,64,16,64,0.0780731201171875,0.03626496076583862,0.050657281875610354,1.541202315372884,0.7158884058344805
NVIDIA GeForce RTX 4070 Laptop GPU,512,64,16,64,0.08588687896728515,0.06961520195007324,0.04079616069793701,2.105268669843932,1.7064155243803019
NVIDIA GeForce RTX 4070 Laptop GPU,1024,64,16,64,0.07692287921905518,0.13659647941589356,0.08631296157836914,0.8912088962352648,1.5825720368993335
