gpu,B,H,N,D,causal,block_m,block_n,num_warps,num_stages,triton_ms,status
NVIDIA GeForce RTX 4070 Laptop GPU,1,16,1024,64,False,16,32,2,2,1.2888203430175782,ok
NVIDIA GeForce RTX 4070 Laptop GPU,1,16,1024,64,False,16,32,2,3,1.3436312866210938,ok
NVIDIA GeForce RTX 4070 Laptop GPU,1,16,1024,64,False,16,32,2,4,2.0484608459472655,ok
NVIDIA GeForce RTX 4070 Laptop GPU,1,16,1024,64,False,16,32,4,2,1.9526553344726563,ok
NVIDIA GeForce RTX 4070 Laptop GPU,1,16,1024,64,False,16,32,4,3,2.0471910095214843,ok
NVIDIA GeForce RTX 4070 Laptop GPU,1,16,1024,64,False,16,32,4,4,2.273996124267578,ok
NVIDIA GeForce RTX 4070 Laptop GPU,1,16,1024,64,False,16,32,8,2,2.217507781982422,ok
NVIDIA GeForce RTX 4070 Laptop GPU,1,16,1024,64,False,16,32,8,3,2.254197692871094,ok
NVIDIA GeForce RTX 4070 Laptop GPU,1,16,1024,64,False,16,32,8,4,2.4313343811035155,ok
NVIDIA GeForce RTX 4070 Laptop GPU,1,16,1024,64,False,16,64,2,2,1.211170425415039,ok
NVIDIA GeForce RTX 4070 Laptop GPU,1,16,1024,64,False,16,64,2,3,1.395215301513672,ok
NVIDIA GeForce RTX 4070 Laptop GPU,1,16,1024,64,False,16,64,2,4,,skipped
NVIDIA GeForce RTX 4070 Laptop GPU,1,16,1024,64,False,16,64,4,2,1.3782733154296876,ok
NVIDIA GeForce RTX 4070 Laptop GPU,1,16,1024,64,False,16,64,4,3,1.4883210754394531,ok
NVIDIA GeForce RTX 4070 Laptop GPU,1,16,1024,64,False,16,64,4,4,,skipped
NVIDIA GeForce RTX 4070 Laptop GPU,1,16,1024,64,False,16,64,8,2,2.0758676147460937,ok
NVIDIA GeForce RTX 4070 Laptop GPU,1,16,1024,64,False,16,64,8,3,2.212311096191406,ok
NVIDIA GeForce RTX 4070 Laptop GPU,1,16,1024,64,False,16,64,8,4,,skipped
NVIDIA GeForce RTX 4070 Laptop GPU,1,16,1024,64,False,32,32,2,2,1.1416422271728515,ok
NVIDIA GeForce RTX 4070 Laptop GPU,1,16,1024,64,False,32,32,2,3,1.2453836822509765,ok
NVIDIA GeForce RTX 4070 Laptop GPU,1,16,1024,64,False,32,32,2,4,1.493118438720703,ok
NVIDIA GeForce RTX 4070 Laptop GPU,1,16,1024,64,False,32,32,4,2,1.2171761322021484,ok
NVIDIA GeForce RTX 4070 Laptop GPU,1,16,1024,64,False,32,32,4,3,1.2221491241455078,ok
NVIDIA GeForce RTX 4070 Laptop GPU,1,16,1024,64,False,32,32,4,4,1.5212020874023438,ok
NVIDIA GeForce RTX 4070 Laptop GPU,1,16,1024,64,False,32,32,8,2,1.9803024291992188,ok
NVIDIA GeForce RTX 4070 Laptop GPU,1,16,1024,64,False,32,32,8,3,1.9966050720214843,ok
NVIDIA GeForce RTX 4070 Laptop GPU,1,16,1024,64,False,32,32,8,4,2.122040252685547,ok
NVIDIA GeForce RTX 4070 Laptop GPU,1,16,1024,64,False,32,64,2,2,8.230866088867188,ok
NVIDIA GeForce RTX 4070 Laptop GPU,1,16,1024,64,False,32,64,2,3,11.107589111328124,ok
NVIDIA GeForce RTX 4070 Laptop GPU,1,16,1024,64,False,32,64,2,4,,skipped
NVIDIA GeForce RTX 4070 Laptop GPU,1,16,1024,64,False,32,64,4,2,1.1110553741455078,ok
NVIDIA GeForce RTX 4070 Laptop GPU,1,16,1024,64,False,32,64,4,3,1.1992473602294922,ok
NVIDIA GeForce RTX 4070 Laptop GPU,1,16,1024,64,False,32,64,4,4,,skipped
NVIDIA GeForce RTX 4070 Laptop GPU,1,16,1024,64,False,32,64,8,2,1.2137267303466797,ok
NVIDIA GeForce RTX 4070 Laptop GPU,1,16,1024,64,False,32,64,8,3,1.2689049530029297,ok
NVIDIA GeForce RTX 4070 Laptop GPU,1,16,1024,64,False,32,64,8,4,,skipped
NVIDIA GeForce RTX 4070 Laptop GPU,1,16,1024,64,True,16,32,2,2,1.3221221923828126,ok
NVIDIA GeForce RTX 4070 Laptop GPU,1,16,1024,64,True,16,32,2,3,1.3633842468261719,ok
NVIDIA GeForce RTX 4070 Laptop GPU,1,16,1024,64,True,16,32,2,4,1.9256008911132811,ok
NVIDIA GeForce RTX 4070 Laptop GPU,1,16,1024,64,True,16,32,4,2,1.9595468139648438,ok
NVIDIA GeForce RTX 4070 Laptop GPU,1,16,1024,64,True,16,32,4,3,2.0603993225097654,ok
NVIDIA GeForce RTX 4070 Laptop GPU,1,16,1024,64,True,16,32,4,4,2.1952864074707032,ok
NVIDIA GeForce RTX 4070 Laptop GPU,1,16,1024,64,True,16,32,8,2,2.212879333496094,ok
NVIDIA GeForce RTX 4070 Laptop GPU,1,16,1024,64,True,16,32,8,3,2.25806884765625,ok
NVIDIA GeForce RTX 4070 Laptop GPU,1,16,1024,64,True,16,32,8,4,2.4709735107421875,ok
NVIDIA GeForce RTX 4070 Laptop GPU,1,16,1024,64,True,16,64,2,2,1.2463718414306642,ok
NVIDIA GeForce RTX 4070 Laptop GPU,1,16,1024,64,True,16,64,2,3,1.8170828247070312,ok
NVIDIA GeForce RTX 4070 Laptop GPU,1,16,1024,64,True,16,64,2,4,,skipped
NVIDIA GeForce RTX 4070 Laptop GPU,1,16,1024,64,True,16,64,4,2,1.3290603637695313,ok
NVIDIA GeForce RTX 4070 Laptop GPU,1,16,1024,64,True,16,64,4,3,1.5486656188964845,ok
NVIDIA GeForce RTX 4070 Laptop GPU,1,16,1024,64,True,16,64,4,4,,skipped
NVIDIA GeForce RTX 4070 Laptop GPU,1,16,1024,64,True,16,64,8,2,2.080424957275391,ok
NVIDIA GeForce RTX 4070 Laptop GPU,1,16,1024,64,True,16,64,8,3,2.2936268615722657,ok
NVIDIA GeForce RTX 4070 Laptop GPU,1,16,1024,64,True,16,64,8,4,,skipped
NVIDIA GeForce RTX 4070 Laptop GPU,1,16,1024,64,True,32,32,2,2,1.1779277038574218,ok
NVIDIA GeForce RTX 4070 Laptop GPU,1,16,1024,64,True,32,32,2,3,1.2723455810546875,ok
NVIDIA GeForce RTX 4070 Laptop GPU,1,16,1024,64,True,32,32,2,4,1.6003327941894532,ok
NVIDIA GeForce RTX 4070 Laptop GPU,1,16,1024,64,True,32,32,4,2,1.2098596954345704,ok
NVIDIA GeForce RTX 4070 Laptop GPU,1,16,1024,64,True,32,32,4,3,1.2619007873535155,ok
NVIDIA GeForce RTX 4070 Laptop GPU,1,16,1024,64,True,32,32,4,4,1.5839231872558595,ok
NVIDIA GeForce RTX 4070 Laptop GPU,1,16,1024,64,True,32,32,8,2,1.9887922668457032,ok
NVIDIA GeForce RTX 4070 Laptop GPU,1,16,1024,64,True,32,32,8,3,2.0036402893066407,ok
NVIDIA GeForce RTX 4070 Laptop GPU,1,16,1024,64,True,32,32,8,4,2.141634674072266,ok
NVIDIA GeForce RTX 4070 Laptop GPU,1,16,1024,64,True,32,64,2,2,8.750663452148437,ok
NVIDIA GeForce RTX 4070 Laptop GPU,1,16,1024,64,True,32,64,2,3,11.3653857421875,ok
NVIDIA GeForce RTX 4070 Laptop GPU,1,16,1024,64,True,32,64,2,4,,skipped
NVIDIA GeForce RTX 4070 Laptop GPU,1,16,1024,64,True,32,64,4,2,1.1434444427490233,ok
NVIDIA GeForce RTX 4070 Laptop GPU,1,16,1024,64,True,32,64,4,3,1.259098892211914,ok
NVIDIA GeForce RTX 4070 Laptop GPU,1,16,1024,64,True,32,64,4,4,,skipped
NVIDIA GeForce RTX 4070 Laptop GPU,1,16,1024,64,True,32,64,8,2,1.22176513671875,ok
NVIDIA GeForce RTX 4070 Laptop GPU,1,16,1024,64,True,32,64,8,3,1.3141653442382812,ok
NVIDIA GeForce RTX 4070 Laptop GPU,1,16,1024,64,True,32,64,8,4,,skipped
